-- phpMyAdmin SQL Dump
-- version 5.1.1
-- https://www.phpmyadmin.net/
--
-- Host: 127.0.0.1:3306
-- Generation Time: Feb 11, 2022 at 10:10 PM
-- Server version: 8.0.27
-- PHP Version: 7.4.26

SET SQL_MODE = "NO_AUTO_VALUE_ON_ZERO";
START TRANSACTION;
SET time_zone = "+00:00";


/*!40101 SET @OLD_CHARACTER_SET_CLIENT=@@CHARACTER_SET_CLIENT */;
/*!40101 SET @OLD_CHARACTER_SET_RESULTS=@@CHARACTER_SET_RESULTS */;
/*!40101 SET @OLD_COLLATION_CONNECTION=@@COLLATION_CONNECTION */;
/*!40101 SET NAMES utf8mb4 */;

--
-- Database: `gpha`
--

-- --------------------------------------------------------

--
-- Table structure for table `assets`
--

DROP TABLE IF EXISTS `assets`;
CREATE TABLE IF NOT EXISTS `assets` (
  `asset_id` int NOT NULL AUTO_INCREMENT,
  `asset_type` int DEFAULT NULL,
  `brand` varchar(50) CHARACTER SET latin1 COLLATE latin1_swedish_ci DEFAULT NULL,
  `tag_name` varchar(25) CHARACTER SET utf8 COLLATE utf8_general_ci DEFAULT NULL,
  `serial_number` varchar(25) CHARACTER SET latin1 COLLATE latin1_swedish_ci DEFAULT NULL,
  `supplier_id` varchar(100) CHARACTER SET utf8 COLLATE utf8_general_ci DEFAULT NULL,
  `assigned_to` varchar(15) CHARACTER SET utf8 COLLATE utf8_general_ci DEFAULT NULL,
  `assigned_by` varchar(15) CHARACTER SET utf8 COLLATE utf8_general_ci DEFAULT NULL,
  `date_assigned` date DEFAULT NULL,
  `waranty_date` datetime DEFAULT NULL,
  `purchase_date` datetime DEFAULT NULL,
  `location` varchar(100) CHARACTER SET latin1 COLLATE latin1_swedish_ci DEFAULT NULL,
  `reorder_level` int DEFAULT NULL,
  `status` varchar(50) CHARACTER SET utf8 COLLATE utf8_general_ci DEFAULT 'available',
  PRIMARY KEY (`asset_id`)
) ENGINE=InnoDB DEFAULT CHARSET=utf8mb3;

-- --------------------------------------------------------

--
-- Table structure for table `asset_categories`
--

DROP TABLE IF EXISTS `asset_categories`;
CREATE TABLE IF NOT EXISTS `asset_categories` (
  `category_id` int NOT NULL AUTO_INCREMENT,
  `category_name` varchar(100) DEFAULT NULL,
  `category_description` text,
  PRIMARY KEY (`category_id`)
) ENGINE=InnoDB AUTO_INCREMENT=11 DEFAULT CHARSET=latin1;

--
-- Dumping data for table `asset_categories`
--

INSERT INTO `asset_categories` (`category_id`, `category_name`, `category_description`) VALUES
(1, 'PCs, Laptops & Tablets', 'Category for computing devices'),
(3, 'Servers', 'Category for all servers'),
(5, 'Printers, Scanners & Photocopiers', 'Category for all imaging devices in GPHA.'),
(6, 'Network & Communication Devices', 'Category for networking and communication equipments.'),
(7, 'Projection & Display Devices', 'Category for all projection and display devices.'),
(8, 'Surveillance Devices', 'Category for all surveillance devices.'),
(9, 'Software', 'All software are captured under this category.'),
(10, 'Handheld Devices', 'All handheld devices are captured under this category.');

-- --------------------------------------------------------

--
-- Table structure for table `asset_types`
--

DROP TABLE IF EXISTS `asset_types`;
CREATE TABLE IF NOT EXISTS `asset_types` (
  `asset_type_id` int NOT NULL AUTO_INCREMENT,
  `type_name` varchar(40) CHARACTER SET latin1 COLLATE latin1_swedish_ci DEFAULT NULL,
  `asset_category` int DEFAULT NULL,
  PRIMARY KEY (`asset_type_id`),
  KEY `asset_category` (`asset_category`)
) ENGINE=InnoDB AUTO_INCREMENT=33 DEFAULT CHARSET=latin1;

--
-- Dumping data for table `asset_types`
--

INSERT INTO `asset_types` (`asset_type_id`, `type_name`, `asset_category`) VALUES
(1, 'All In One', 1),
(2, 'Desktop', 1),
(3, 'Laptop', 1),
(4, 'Printer', 5),
(5, 'Photocopier', 5),
(6, 'Server', 3),
(7, 'Router', 6),
(8, 'Switch', 6),
(9, 'Scanner', 5),
(10, 'Patch Panel', 6),
(11, 'Firewall', 6),
(18, 'Projector', 7),
(19, 'Camera', 8),
(20, 'Access Point', 6),
(21, 'Monitor', 7),
(22, 'Convertors', 6),
(23, 'Transponder', 8),
(24, 'Network Video Recorder', 8),
(25, 'Digital Video Recorder', 8),
(26, 'Software', 9),
(27, 'Small Form-Factor Pluggable', 6),
(28, 'Portable Handheld', 10),
(29, 'Camera Tester', 8),
(30, 'Joystick', 8),
(31, 'Access Control', 6),
(32, 'EM Lock', 8);

-- --------------------------------------------------------

--
-- Table structure for table `ci_sessions`
--

DROP TABLE IF EXISTS `ci_sessions`;
CREATE TABLE IF NOT EXISTS `ci_sessions` (
  `id` varchar(40) NOT NULL,
  `ip_address` varchar(45) DEFAULT NULL,
  `timestamp` int DEFAULT NULL,
  `data` blob,
  PRIMARY KEY (`id`)
) ENGINE=InnoDB DEFAULT CHARSET=latin1;

--
-- Dumping data for table `ci_sessions`
--

INSERT INTO `ci_sessions` (`id`, `ip_address`, `timestamp`, `data`) VALUES
('052tuik65et1oqcid94k4pvj3689ojds', '::1', 1642680027, 0x5f5f63695f6c6173745f726567656e65726174657c693a313634323638303032373b6c6f676765645f696e7c613a353a7b733a383a2273746166665f6964223b733a313a2231223b733a393a2266697273746e616d65223b733a383a22456d6d616e75656c223b733a383a226c6173746e616d65223b733a363a22596172746579223b733a343a22726f6c65223b733a313a2231223b733a383a226c6f636174696f6e223b733a323a225332223b7d),
('0p8q4d2qdp5su2p0p8a5725d4925nglm', '::1', 1644349869, 0x5f5f63695f6c6173745f726567656e65726174657c693a313634343334393836393b6c6f676765645f696e7c613a353a7b733a383a2273746166665f6964223b733a313a2231223b733a393a2266697273746e616d65223b733a383a22456d6d616e75656c223b733a383a226c6173746e616d65223b733a363a22596172746579223b733a343a22726f6c65223b733a313a2231223b733a383a226c6f636174696f6e223b733a323a225332223b7d),
('10igi1n5d84kqlu95ggb1punt09c31t3', '::1', 1644349517, 0x5f5f63695f6c6173745f726567656e65726174657c693a313634343334393531373b6c6f676765645f696e7c613a353a7b733a383a2273746166665f6964223b733a313a2231223b733a393a2266697273746e616d65223b733a383a22456d6d616e75656c223b733a383a226c6173746e616d65223b733a363a22596172746579223b733a343a22726f6c65223b733a313a2231223b733a383a226c6f636174696f6e223b733a323a225332223b7d),
('1r5ap18k9glstrkoli2hlv23q6hhsdab', '::1', 1644356556, 0x5f5f63695f6c6173745f726567656e65726174657c693a313634343335363535363b6c6f676765645f696e7c613a353a7b733a383a2273746166665f6964223b733a313a2231223b733a393a2266697273746e616d65223b733a383a22456d6d616e75656c223b733a383a226c6173746e616d65223b733a363a22596172746579223b733a343a22726f6c65223b733a313a2231223b733a383a226c6f636174696f6e223b733a323a225332223b7d),
('2evoo9bi47oaibim14jqbad0cnmuvl52', '::1', 1644510245, 0x5f5f63695f6c6173745f726567656e65726174657c693a313634343531303034313b6c6f676765645f696e7c613a353a7b733a383a2273746166665f6964223b733a313a2231223b733a393a2266697273746e616d65223b733a383a22456d6d616e75656c223b733a383a226c6173746e616d65223b733a363a22596172746579223b733a343a22726f6c65223b733a313a2231223b733a383a226c6f636174696f6e223b4e3b7d),
('3gbqba93pj5u7mbc86k686p0jaenfrdm', '::1', 1644503588, 0x5f5f63695f6c6173745f726567656e65726174657c693a313634343530333538383b),
('3jn83drbnje7eau8r89j429bv0tj5ov2', '::1', 1644587644, 0x5f5f63695f6c6173745f726567656e65726174657c693a313634343538373634343b),
('3ol921sdoie92ob9bjfekck7qlog0mjt', '::1', 1643298253, 0x5f5f63695f6c6173745f726567656e65726174657c693a313634333239383035393b6c6f676765645f696e7c613a353a7b733a383a2273746166665f6964223b733a313a2231223b733a393a2266697273746e616d65223b733a383a22456d6d616e75656c223b733a383a226c6173746e616d65223b733a363a22596172746579223b733a343a22726f6c65223b733a313a2231223b733a383a226c6f636174696f6e223b733a323a225332223b7d),
('40tqnur8pp6aa7muatuubiounluviaip', '::1', 1644616556, 0x5f5f63695f6c6173745f726567656e65726174657c693a313634343631363535363b6c6f676765645f696e7c613a353a7b733a383a2273746166665f6964223b733a313a2231223b733a393a2266697273746e616d65223b733a383a22456d6d616e75656c223b733a383a226c6173746e616d65223b733a363a22596172746579223b733a343a22726f6c65223b733a313a2231223b733a383a226c6f636174696f6e223b4e3b7d),
('44rpe3lao5qj7r3kiqbgoa17jvcnpd89', '::1', 1644613101, 0x5f5f63695f6c6173745f726567656e65726174657c693a313634343631333130313b6c6f676765645f696e7c613a353a7b733a383a2273746166665f6964223b733a313a2231223b733a393a2266697273746e616d65223b733a383a22456d6d616e75656c223b733a383a226c6173746e616d65223b733a363a22596172746579223b733a343a22726f6c65223b733a313a2231223b733a383a226c6f636174696f6e223b4e3b7d),
('45sr3904lk7cbnebivlods73b61ek35p', '::1', 1644612347, 0x5f5f63695f6c6173745f726567656e65726174657c693a313634343631323334373b6c6f676765645f696e7c613a353a7b733a383a2273746166665f6964223b733a313a2231223b733a393a2266697273746e616d65223b733a383a22456d6d616e75656c223b733a383a226c6173746e616d65223b733a363a22596172746579223b733a343a22726f6c65223b733a313a2231223b733a383a226c6f636174696f6e223b4e3b7d),
('4js5eenf4i8833dg65s0je7jpmfu06bd', '::1', 1644510041, 0x5f5f63695f6c6173745f726567656e65726174657c693a313634343531303034313b6c6f676765645f696e7c613a353a7b733a383a2273746166665f6964223b733a313a2231223b733a393a2266697273746e616d65223b733a383a22456d6d616e75656c223b733a383a226c6173746e616d65223b733a363a22596172746579223b733a343a22726f6c65223b733a313a2231223b733a383a226c6f636174696f6e223b4e3b7d),
('5a1gqk49gkf59lah2fisied83atr3vnl', '::1', 1644432933, 0x5f5f63695f6c6173745f726567656e65726174657c693a313634343433323933333b6c6f676765645f696e7c613a353a7b733a383a2273746166665f6964223b733a313a2231223b733a393a2266697273746e616d65223b733a383a22456d6d616e75656c223b733a383a226c6173746e616d65223b733a363a22596172746579223b733a343a22726f6c65223b733a313a2231223b733a383a226c6f636174696f6e223b733a323a225332223b7d),
('5m2hhm1gnu62pr7btatcfkdu7mji0gba', '::1', 1644347846, 0x5f5f63695f6c6173745f726567656e65726174657c693a313634343334373834363b6c6f676765645f696e7c613a353a7b733a383a2273746166665f6964223b733a313a2231223b733a393a2266697273746e616d65223b733a383a22456d6d616e75656c223b733a383a226c6173746e616d65223b733a363a22596172746579223b733a343a22726f6c65223b733a313a2231223b733a383a226c6f636174696f6e223b733a323a225332223b7d),
('5p44c60ndoplhl3gl9ja8oio61i8c08e', '::1', 1644420706, 0x5f5f63695f6c6173745f726567656e65726174657c693a313634343432303730363b6c6f676765645f696e7c613a353a7b733a383a2273746166665f6964223b733a313a2231223b733a393a2266697273746e616d65223b733a383a22456d6d616e75656c223b733a383a226c6173746e616d65223b733a363a22596172746579223b733a343a22726f6c65223b733a313a2231223b733a383a226c6f636174696f6e223b733a323a225332223b7d),
('5te764gp6m0qnibtmmedrcqk98v94uvj', '::1', 1644336101, 0x5f5f63695f6c6173745f726567656e65726174657c693a313634343333363038373b6c6f676765645f696e7c613a353a7b733a383a2273746166665f6964223b733a313a2231223b733a393a2266697273746e616d65223b733a383a22456d6d616e75656c223b733a383a226c6173746e616d65223b733a363a22596172746579223b733a343a22726f6c65223b733a313a2231223b733a383a226c6f636174696f6e223b733a323a225332223b7d),
('5vfcb8ohk44jf89ai6iti5e85ua0p7hm', '::1', 1644421629, 0x5f5f63695f6c6173745f726567656e65726174657c693a313634343432313632393b6c6f676765645f696e7c613a353a7b733a383a2273746166665f6964223b733a313a2231223b733a393a2266697273746e616d65223b733a383a22456d6d616e75656c223b733a383a226c6173746e616d65223b733a363a22596172746579223b733a343a22726f6c65223b733a313a2231223b733a383a226c6f636174696f6e223b733a323a225332223b7d),
('6esuj9thsbupvbp69hpbgaffi3dsrmq0', '::1', 1644611834, 0x5f5f63695f6c6173745f726567656e65726174657c693a313634343631313833343b6c6f676765645f696e7c613a353a7b733a383a2273746166665f6964223b733a313a2231223b733a393a2266697273746e616d65223b733a383a22456d6d616e75656c223b733a383a226c6173746e616d65223b733a363a22596172746579223b733a343a22726f6c65223b733a313a2231223b733a383a226c6f636174696f6e223b4e3b7d),
('6lhg8jfq7oidi0sh258kdlvggkg2tbm4', '::1', 1643292221, 0x5f5f63695f6c6173745f726567656e65726174657c693a313634333239323231393b),
('6mn8uvpgd9fvhm6h71n6rj804vksl2mg', '::1', 1644425028, 0x5f5f63695f6c6173745f726567656e65726174657c693a313634343432343935373b6c6f676765645f696e7c613a353a7b733a383a2273746166665f6964223b733a313a2231223b733a393a2266697273746e616d65223b733a383a22456d6d616e75656c223b733a383a226c6173746e616d65223b733a363a22596172746579223b733a343a22726f6c65223b733a313a2231223b733a383a226c6f636174696f6e223b733a323a225332223b7d),
('6vtdg7crvp8num4udhbr619qthaupgei', '::1', 1644341874, 0x5f5f63695f6c6173745f726567656e65726174657c693a313634343334313837343b6c6f676765645f696e7c613a353a7b733a383a2273746166665f6964223b733a313a2231223b733a393a2266697273746e616d65223b733a383a22456d6d616e75656c223b733a383a226c6173746e616d65223b733a363a22596172746579223b733a343a22726f6c65223b733a313a2231223b733a383a226c6f636174696f6e223b733a323a225332223b7d),
('7qegfndcrtl2pcfs2g6i7g6pkcqaigem', '::1', 1644612500, 0x5f5f63695f6c6173745f726567656e65726174657c693a313634343631323431373b6c6f676765645f696e7c613a353a7b733a383a2273746166665f6964223b733a313a2231223b733a393a2266697273746e616d65223b733a383a22456d6d616e75656c223b733a383a226c6173746e616d65223b733a363a22596172746579223b733a343a22726f6c65223b733a313a2231223b733a383a226c6f636174696f6e223b4e3b7d),
('7r630hu9sj68aklj8vvve9pu7ckqqudu', '::1', 1644338699, 0x5f5f63695f6c6173745f726567656e65726174657c693a313634343333383639393b6c6f676765645f696e7c613a353a7b733a383a2273746166665f6964223b733a313a2231223b733a393a2266697273746e616d65223b733a383a22456d6d616e75656c223b733a383a226c6173746e616d65223b733a363a22596172746579223b733a343a22726f6c65223b733a313a2231223b733a383a226c6f636174696f6e223b733a323a225332223b7d),
('83cmr3005adhecldilopv6nd6n10q10d', '::1', 1644598283, 0x5f5f63695f6c6173745f726567656e65726174657c693a313634343539383238333b6c6f676765645f696e7c613a353a7b733a383a2273746166665f6964223b733a313a2231223b733a393a2266697273746e616d65223b733a383a22456d6d616e75656c223b733a383a226c6173746e616d65223b733a363a22596172746579223b733a343a22726f6c65223b733a313a2231223b733a383a226c6f636174696f6e223b4e3b7d),
('8k47485fo23suhbcvsm89af6o020ms8u', '::1', 1643300249, 0x5f5f63695f6c6173745f726567656e65726174657c693a313634333330303234393b6c6f676765645f696e7c613a353a7b733a383a2273746166665f6964223b733a313a2231223b733a393a2266697273746e616d65223b733a383a22456d6d616e75656c223b733a383a226c6173746e616d65223b733a363a22596172746579223b733a343a22726f6c65223b733a313a2231223b733a383a226c6f636174696f6e223b733a323a225332223b7d),
('8n7mqk009uc1gkjkucikao5h5d67tqel', '::1', 1644346800, 0x5f5f63695f6c6173745f726567656e65726174657c693a313634343334363830303b6c6f676765645f696e7c613a353a7b733a383a2273746166665f6964223b733a313a2231223b733a393a2266697273746e616d65223b733a383a22456d6d616e75656c223b733a383a226c6173746e616d65223b733a363a22596172746579223b733a343a22726f6c65223b733a313a2231223b733a383a226c6f636174696f6e223b733a323a225332223b7d),
('9f7e16mej0inm9i670m937edo3qajvfa', '::1', 1644424957, 0x5f5f63695f6c6173745f726567656e65726174657c693a313634343432343935373b6c6f676765645f696e7c613a353a7b733a383a2273746166665f6964223b733a313a2231223b733a393a2266697273746e616d65223b733a383a22456d6d616e75656c223b733a383a226c6173746e616d65223b733a363a22596172746579223b733a343a22726f6c65223b733a313a2231223b733a383a226c6f636174696f6e223b733a323a225332223b7d),
('9kn7orhmsee6gfjmng1sfkfrjcedp6lg', '::1', 1644600840, 0x5f5f63695f6c6173745f726567656e65726174657c693a313634343630303834303b6c6f676765645f696e7c613a353a7b733a383a2273746166665f6964223b733a313a2231223b733a393a2266697273746e616d65223b733a383a22456d6d616e75656c223b733a383a226c6173746e616d65223b733a363a22596172746579223b733a343a22726f6c65223b733a313a2231223b733a383a226c6f636174696f6e223b4e3b7d),
('9s6onqke0tabdhskjsrmp3092reka5lm', '::1', 1644422355, 0x5f5f63695f6c6173745f726567656e65726174657c693a313634343432323335353b6c6f676765645f696e7c613a353a7b733a383a2273746166665f6964223b733a313a2231223b733a393a2266697273746e616d65223b733a383a22456d6d616e75656c223b733a383a226c6173746e616d65223b733a363a22596172746579223b733a343a22726f6c65223b733a313a2231223b733a383a226c6f636174696f6e223b733a323a225332223b7d),
('a1783bcus085gorc2ocoalhl0uuuq317', '::1', 1644348176, 0x5f5f63695f6c6173745f726567656e65726174657c693a313634343334383137363b6c6f676765645f696e7c613a353a7b733a383a2273746166665f6964223b733a313a2231223b733a393a2266697273746e616d65223b733a383a22456d6d616e75656c223b733a383a226c6173746e616d65223b733a363a22596172746579223b733a343a22726f6c65223b733a313a2231223b733a383a226c6f636174696f6e223b733a323a225332223b7d),
('ap19ro6b5luds1g627e2q37l88pec98j', '::1', 1644616556, 0x5f5f63695f6c6173745f726567656e65726174657c693a313634343631363535363b6c6f676765645f696e7c613a353a7b733a383a2273746166665f6964223b733a313a2231223b733a393a2266697273746e616d65223b733a383a22456d6d616e75656c223b733a383a226c6173746e616d65223b733a363a22596172746579223b733a343a22726f6c65223b733a313a2231223b733a383a226c6f636174696f6e223b4e3b7d),
('ast8c3amvf4fa730i88ckd3atinho94e', '::1', 1644338207, 0x5f5f63695f6c6173745f726567656e65726174657c693a313634343333383230373b6c6f676765645f696e7c613a353a7b733a383a2273746166665f6964223b733a313a2231223b733a393a2266697273746e616d65223b733a383a22456d6d616e75656c223b733a383a226c6173746e616d65223b733a363a22596172746579223b733a343a22726f6c65223b733a313a2231223b733a383a226c6f636174696f6e223b733a323a225332223b7d),
('b3baek13tlqbicecs4huledpeeiun3pp', '::1', 1644612521, 0x5f5f63695f6c6173745f726567656e65726174657c693a313634343631323531333b6c6f676765645f696e7c613a353a7b733a383a2273746166665f6964223b733a313a2231223b733a393a2266697273746e616d65223b733a383a22456d6d616e75656c223b733a383a226c6173746e616d65223b733a363a22596172746579223b733a343a22726f6c65223b733a313a2231223b733a383a226c6f636174696f6e223b4e3b7d),
('bs297goae7ne1furtshi82mis1t5mhsr', '::1', 1644356049, 0x5f5f63695f6c6173745f726567656e65726174657c693a313634343335363034393b6c6f676765645f696e7c613a353a7b733a383a2273746166665f6964223b733a313a2231223b733a393a2266697273746e616d65223b733a383a22456d6d616e75656c223b733a383a226c6173746e616d65223b733a363a22596172746579223b733a343a22726f6c65223b733a313a2231223b733a383a226c6f636174696f6e223b733a323a225332223b7d),
('c2vpv60tqvnd7pmjia306cf1n7n0i5bq', '::1', 1644425273, 0x5f5f63695f6c6173745f726567656e65726174657c693a313634343432353135313b6c6f676765645f696e7c613a353a7b733a383a2273746166665f6964223b733a313a2231223b733a393a2266697273746e616d65223b733a383a22456d6d616e75656c223b733a383a226c6173746e616d65223b733a363a22596172746579223b733a343a22726f6c65223b733a313a2231223b733a383a226c6f636174696f6e223b733a323a225332223b7d),
('c5b7uoilph284spsrfl80jq6jmvm5he8', '::1', 1644442939, 0x5f5f63695f6c6173745f726567656e65726174657c693a313634343434323933393b6c6f676765645f696e7c613a353a7b733a383a2273746166665f6964223b733a313a2231223b733a393a2266697273746e616d65223b733a383a22456d6d616e75656c223b733a383a226c6173746e616d65223b733a363a22596172746579223b733a343a22726f6c65223b733a313a2231223b733a383a226c6f636174696f6e223b4e3b7d),
('ca16acgcbkl98p1156tddopa05nnkn2a', '::1', 1644425151, 0x5f5f63695f6c6173745f726567656e65726174657c693a313634343432353135313b6c6f676765645f696e7c613a353a7b733a383a2273746166665f6964223b733a313a2231223b733a393a2266697273746e616d65223b733a383a22456d6d616e75656c223b733a383a226c6173746e616d65223b733a363a22596172746579223b733a343a22726f6c65223b733a313a2231223b733a383a226c6f636174696f6e223b733a323a225332223b7d),
('d47gn8r1t58obcf24p5leu0g9nqh0o07', '::1', 1643610628, 0x5f5f63695f6c6173745f726567656e65726174657c693a313634333631303632383b),
('d4plmkbu363oat0n2benp0e8thh5fgb1', '::1', 1644436797, 0x5f5f63695f6c6173745f726567656e65726174657c693a313634343433363739373b6c6f676765645f696e7c613a353a7b733a383a2273746166665f6964223b733a313a2231223b733a393a2266697273746e616d65223b733a383a22456d6d616e75656c223b733a383a226c6173746e616d65223b733a363a22596172746579223b733a343a22726f6c65223b733a313a2231223b733a383a226c6f636174696f6e223b733a323a225332223b7d),
('d9ksj9v6qd7gbn84ghcigm0adk40ehi1', '::1', 1644340496, 0x5f5f63695f6c6173745f726567656e65726174657c693a313634343334303439363b6c6f676765645f696e7c613a353a7b733a383a2273746166665f6964223b733a313a2231223b733a393a2266697273746e616d65223b733a383a22456d6d616e75656c223b733a383a226c6173746e616d65223b733a363a22596172746579223b733a343a22726f6c65223b733a313a2231223b733a383a226c6f636174696f6e223b733a323a225332223b7d),
('e55oer7maa93on83fe4h23kegp74ibtv', '::1', 1642680633, 0x5f5f63695f6c6173745f726567656e65726174657c693a313634323638303633333b6c6f676765645f696e7c613a353a7b733a383a2273746166665f6964223b733a313a2231223b733a393a2266697273746e616d65223b733a383a22456d6d616e75656c223b733a383a226c6173746e616d65223b733a363a22596172746579223b733a343a22726f6c65223b733a313a2231223b733a383a226c6f636174696f6e223b733a323a225332223b7d),
('efk4j1vqvnaofeer6i4iiaafhcmtmg72', '::1', 1643356630, 0x5f5f63695f6c6173745f726567656e65726174657c693a313634333335363633303b),
('eosurfaf8h71ghdl6oa2ncd8ei7mtq3t', '::1', 1644434896, 0x5f5f63695f6c6173745f726567656e65726174657c693a313634343433343839363b6c6f676765645f696e7c613a353a7b733a383a2273746166665f6964223b733a313a2231223b733a393a2266697273746e616d65223b733a383a22456d6d616e75656c223b733a383a226c6173746e616d65223b733a363a22596172746579223b733a343a22726f6c65223b733a313a2231223b733a383a226c6f636174696f6e223b733a323a225332223b7d),
('ergse1hini1fa65h6skkf77au2jq6fam', '::1', 1644614855, 0x5f5f63695f6c6173745f726567656e65726174657c693a313634343631343834363b6c6f676765645f696e7c613a353a7b733a383a2273746166665f6964223b733a313a2231223b733a393a2266697273746e616d65223b733a383a22456d6d616e75656c223b733a383a226c6173746e616d65223b733a363a22596172746579223b733a343a22726f6c65223b733a313a2231223b733a383a226c6f636174696f6e223b4e3b7d),
('f9fvb57rbp2tqmsib1sfgrpjhb6bqp25', '::1', 1644423924, 0x5f5f63695f6c6173745f726567656e65726174657c693a313634343432333932343b6c6f676765645f696e7c613a353a7b733a383a2273746166665f6964223b733a313a2231223b733a393a2266697273746e616d65223b733a383a22456d6d616e75656c223b733a383a226c6173746e616d65223b733a363a22596172746579223b733a343a22726f6c65223b733a313a2231223b733a383a226c6f636174696f6e223b733a323a225332223b7d),
('fprasg7kucnitgnunjrf0a1i7ijq0ugs', '::1', 1642678691, 0x5f5f63695f6c6173745f726567656e65726174657c693a313634323637383639313b6c6f676765645f696e7c613a353a7b733a383a2273746166665f6964223b733a313a2231223b733a393a2266697273746e616d65223b733a383a22456d6d616e75656c223b733a383a226c6173746e616d65223b733a363a22596172746579223b733a343a22726f6c65223b733a313a2231223b733a383a226c6f636174696f6e223b733a323a225332223b7d),
('frcc0vnlpjjv53tm2970l1i1skjkpbql', '::1', 1643299829, 0x5f5f63695f6c6173745f726567656e65726174657c693a313634333239393832393b6c6f676765645f696e7c613a353a7b733a383a2273746166665f6964223b733a313a2231223b733a393a2266697273746e616d65223b733a383a22456d6d616e75656c223b733a383a226c6173746e616d65223b733a363a22596172746579223b733a343a22726f6c65223b733a313a2231223b733a383a226c6f636174696f6e223b733a323a225332223b7d),
('g16ofric9bb93bqccjt8shdt1r16gqet', '::1', 1644420393, 0x5f5f63695f6c6173745f726567656e65726174657c693a313634343432303339333b6c6f676765645f696e7c613a353a7b733a383a2273746166665f6964223b733a313a2231223b733a393a2266697273746e616d65223b733a383a22456d6d616e75656c223b733a383a226c6173746e616d65223b733a363a22596172746579223b733a343a22726f6c65223b733a313a2231223b733a383a226c6f636174696f6e223b733a323a225332223b7d),
('g8ghe81p5ipt62f7n978avd86l50i8fa', '::1', 1644509403, 0x5f5f63695f6c6173745f726567656e65726174657c693a313634343530393430333b6c6f676765645f696e7c613a353a7b733a383a2273746166665f6964223b733a313a2231223b733a393a2266697273746e616d65223b733a383a22456d6d616e75656c223b733a383a226c6173746e616d65223b733a363a22596172746579223b733a343a22726f6c65223b733a313a2231223b733a383a226c6f636174696f6e223b4e3b7d),
('ggd3mc67beermevmf1q488dlinvd618u', '::1', 1644354855, 0x5f5f63695f6c6173745f726567656e65726174657c693a313634343335343835353b6c6f676765645f696e7c613a353a7b733a383a2273746166665f6964223b733a313a2231223b733a393a2266697273746e616d65223b733a383a22456d6d616e75656c223b733a383a226c6173746e616d65223b733a363a22596172746579223b733a343a22726f6c65223b733a313a2231223b733a383a226c6f636174696f6e223b733a323a225332223b7d),
('gi1bc1a2nurkrvrlpk0i5srf0gvetom7', '::1', 1644612658, 0x5f5f63695f6c6173745f726567656e65726174657c693a313634343631323635383b6c6f676765645f696e7c613a353a7b733a383a2273746166665f6964223b733a313a2231223b733a393a2266697273746e616d65223b733a383a22456d6d616e75656c223b733a383a226c6173746e616d65223b733a363a22596172746579223b733a343a22726f6c65223b733a313a2231223b733a383a226c6f636174696f6e223b4e3b7d),
('gimjmq1hutpg43cmvj64e9b8vl1hdc2e', '::1', 1644343266, 0x5f5f63695f6c6173745f726567656e65726174657c693a313634343334333236363b6c6f676765645f696e7c613a353a7b733a383a2273746166665f6964223b733a313a2231223b733a393a2266697273746e616d65223b733a383a22456d6d616e75656c223b733a383a226c6173746e616d65223b733a363a22596172746579223b733a343a22726f6c65223b733a313a2231223b733a383a226c6f636174696f6e223b733a323a225332223b7d),
('guvu3j6clf8a6oulep5lvge5greioau8', '::1', 1644344814, 0x5f5f63695f6c6173745f726567656e65726174657c693a313634343334343831343b6c6f676765645f696e7c613a353a7b733a383a2273746166665f6964223b733a313a2231223b733a393a2266697273746e616d65223b733a383a22456d6d616e75656c223b733a383a226c6173746e616d65223b733a363a22596172746579223b733a343a22726f6c65223b733a313a2231223b733a383a226c6f636174696f6e223b733a323a225332223b7d),
('hpk660ivqn2sg6pffs4rfi19mdmaqvo1', '::1', 1642679591, 0x5f5f63695f6c6173745f726567656e65726174657c693a313634323637393539313b6c6f676765645f696e7c613a353a7b733a383a2273746166665f6964223b733a313a2231223b733a393a2266697273746e616d65223b733a383a22456d6d616e75656c223b733a383a226c6173746e616d65223b733a363a22596172746579223b733a343a22726f6c65223b733a313a2231223b733a383a226c6f636174696f6e223b733a323a225332223b7d),
('io1i9kslrrpkoji0p1af7lodtr7ssm23', '::1', 1642680332, 0x5f5f63695f6c6173745f726567656e65726174657c693a313634323638303333323b6c6f676765645f696e7c613a353a7b733a383a2273746166665f6964223b733a313a2231223b733a393a2266697273746e616d65223b733a383a22456d6d616e75656c223b733a383a226c6173746e616d65223b733a363a22596172746579223b733a343a22726f6c65223b733a313a2231223b733a383a226c6f636174696f6e223b733a323a225332223b7d),
('j51ih6d43v07b3v9ok7jpr6chhvhk064', '::1', 1644503746, 0x5f5f63695f6c6173745f726567656e65726174657c693a313634343530333538383b6c6f676765645f696e7c613a353a7b733a383a2273746166665f6964223b733a313a2231223b733a393a2266697273746e616d65223b733a383a22456d6d616e75656c223b733a383a226c6173746e616d65223b733a363a22596172746579223b733a343a22726f6c65223b733a313a2231223b733a383a226c6f636174696f6e223b4e3b7d),
('jen2dhbmclelojlajlic9v7leqj44k6j', '::1', 1644435457, 0x5f5f63695f6c6173745f726567656e65726174657c693a313634343433353435373b6c6f676765645f696e7c613a353a7b733a383a2273746166665f6964223b733a313a2231223b733a393a2266697273746e616d65223b733a383a22456d6d616e75656c223b733a383a226c6173746e616d65223b733a363a22596172746579223b733a343a22726f6c65223b733a313a2231223b733a383a226c6f636174696f6e223b733a323a225332223b7d),
('jgk6s9brjohsa6dvmtmrrd4cptmhsi0u', '::1', 1642767720, 0x5f5f63695f6c6173745f726567656e65726174657c693a313634323736373731383b),
('jpgig6k1vfl66jcv29qmrtqttouuqvs9', '::1', 1644524071, 0x5f5f63695f6c6173745f726567656e65726174657c693a313634343532343037313b6c6f676765645f696e7c613a353a7b733a383a2273746166665f6964223b733a313a2231223b733a393a2266697273746e616d65223b733a383a22456d6d616e75656c223b733a383a226c6173746e616d65223b733a363a22596172746579223b733a343a22726f6c65223b733a313a2231223b733a383a226c6f636174696f6e223b4e3b7d),
('l73401oe4oa8dim9ujf3dqipte0tpj8n', '::1', 1644341055, 0x5f5f63695f6c6173745f726567656e65726174657c693a313634343334313035353b6c6f676765645f696e7c613a353a7b733a383a2273746166665f6964223b733a313a2231223b733a393a2266697273746e616d65223b733a383a22456d6d616e75656c223b733a383a226c6173746e616d65223b733a363a22596172746579223b733a343a22726f6c65223b733a313a2231223b733a383a226c6f636174696f6e223b733a323a225332223b7d),
('lkn9os4k4mhi9aov2g5lc30tmp4i4uou', '::1', 1644357474, 0x5f5f63695f6c6173745f726567656e65726174657c693a313634343335373437343b6c6f676765645f696e7c613a353a7b733a383a2273746166665f6964223b733a313a2231223b733a393a2266697273746e616d65223b733a383a22456d6d616e75656c223b733a383a226c6173746e616d65223b733a363a22596172746579223b733a343a22726f6c65223b733a313a2231223b733a383a226c6f636174696f6e223b733a323a225332223b7d),
('llj5kq3k4jgsvtbd7ecd3um30f8qt55i', '::1', 1644355600, 0x5f5f63695f6c6173745f726567656e65726174657c693a313634343335353630303b6c6f676765645f696e7c613a353a7b733a383a2273746166665f6964223b733a313a2231223b733a393a2266697273746e616d65223b733a383a22456d6d616e75656c223b733a383a226c6173746e616d65223b733a363a22596172746579223b733a343a22726f6c65223b733a313a2231223b733a383a226c6f636174696f6e223b733a323a225332223b7d),
('m3t6pqrrit3t9f8ugjd8cc6hknjv0d3a', '::1', 1644613228, 0x5f5f63695f6c6173745f726567656e65726174657c693a313634343631333231393b6c6f676765645f696e7c613a353a7b733a383a2273746166665f6964223b733a313a2231223b733a393a2266697273746e616d65223b733a383a22456d6d616e75656c223b733a383a226c6173746e616d65223b733a363a22596172746579223b733a343a22726f6c65223b733a313a2231223b733a383a226c6f636174696f6e223b4e3b7d),
('m7lcfsnue8brt5nkkk7fllljro41r03f', '::1', 1642682843, 0x5f5f63695f6c6173745f726567656e65726174657c693a313634323638323734303b6c6f676765645f696e7c613a353a7b733a383a2273746166665f6964223b733a313a2231223b733a393a2266697273746e616d65223b733a383a22456d6d616e75656c223b733a383a226c6173746e616d65223b733a363a22596172746579223b733a343a22726f6c65223b733a313a2231223b733a383a226c6f636174696f6e223b733a323a225332223b7d),
('mdcfk938d9t4eq8bi03jdsjijlu1qnjh', '::1', 1643301127, 0x5f5f63695f6c6173745f726567656e65726174657c693a313634333330313132373b6c6f676765645f696e7c613a353a7b733a383a2273746166665f6964223b733a313a2231223b733a393a2266697273746e616d65223b733a383a22456d6d616e75656c223b733a383a226c6173746e616d65223b733a363a22596172746579223b733a343a22726f6c65223b733a313a2231223b733a383a226c6f636174696f6e223b733a323a225332223b7d),
('mh03togqluaumea5jrvh99gt6dku2s8t', '::1', 1643300584, 0x5f5f63695f6c6173745f726567656e65726174657c693a313634333330303538343b6c6f676765645f696e7c613a353a7b733a383a2273746166665f6964223b733a313a2231223b733a393a2266697273746e616d65223b733a383a22456d6d616e75656c223b733a383a226c6173746e616d65223b733a363a22596172746579223b733a343a22726f6c65223b733a313a2231223b733a383a226c6f636174696f6e223b733a323a225332223b7d),
('mja9t23fj72in3m91gt23650rmji37f4', '::1', 1644600497, 0x5f5f63695f6c6173745f726567656e65726174657c693a313634343630303439373b6c6f676765645f696e7c613a353a7b733a383a2273746166665f6964223b733a313a2231223b733a393a2266697273746e616d65223b733a383a22456d6d616e75656c223b733a383a226c6173746e616d65223b733a363a22596172746579223b733a343a22726f6c65223b733a313a2231223b733a383a226c6f636174696f6e223b4e3b7d),
('mnks4aphlftskd6jgkscmeiu9uc0mqnt', '::1', 1644615007, 0x5f5f63695f6c6173745f726567656e65726174657c693a313634343631353030373b6c6f676765645f696e7c613a353a7b733a383a2273746166665f6964223b733a313a2231223b733a393a2266697273746e616d65223b733a383a22456d6d616e75656c223b733a383a226c6173746e616d65223b733a363a22596172746579223b733a343a22726f6c65223b733a313a2231223b733a383a226c6f636174696f6e223b4e3b7d),
('naq5c0phdk2bgcu3u4mn93mhledh4qv6', '::1', 1644437699, 0x5f5f63695f6c6173745f726567656e65726174657c693a313634343433373639393b6c6f676765645f696e7c613a353a7b733a383a2273746166665f6964223b733a313a2231223b733a393a2266697273746e616d65223b733a383a22456d6d616e75656c223b733a383a226c6173746e616d65223b733a363a22596172746579223b733a343a22726f6c65223b733a313a2231223b733a383a226c6f636174696f6e223b733a323a225332223b7d),
('nc6k4ni63opb00vs7ietmvnh38bgbv2m', '::1', 1644424253, 0x5f5f63695f6c6173745f726567656e65726174657c693a313634343432343235333b6c6f676765645f696e7c613a353a7b733a383a2273746166665f6964223b733a313a2231223b733a393a2266697273746e616d65223b733a383a22456d6d616e75656c223b733a383a226c6173746e616d65223b733a363a22596172746579223b733a343a22726f6c65223b733a313a2231223b733a383a226c6f636174696f6e223b733a323a225332223b7d),
('ndvd6p3ddbanncm5g2sbvm31al1sv2op', '::1', 1644357482, 0x5f5f63695f6c6173745f726567656e65726174657c693a313634343335373437343b),
('ner8dt21uv7bn6gfog715mlq2l0du3g0', '::1', 1644442943, 0x5f5f63695f6c6173745f726567656e65726174657c693a313634343434323933393b6c6f676765645f696e7c613a353a7b733a383a2273746166665f6964223b733a313a2231223b733a393a2266697273746e616d65223b733a383a22456d6d616e75656c223b733a383a226c6173746e616d65223b733a363a22596172746579223b733a343a22726f6c65223b733a313a2231223b733a383a226c6f636174696f6e223b4e3b7d),
('oeq89il5gvh2nh766dasq8c7jj9uii5m', '::1', 1643301127, 0x5f5f63695f6c6173745f726567656e65726174657c693a313634333330313132373b),
('ol9oadnor1gd8eusrrj6far5qs62taok', '::1', 1644434554, 0x5f5f63695f6c6173745f726567656e65726174657c693a313634343433343535343b6c6f676765645f696e7c613a353a7b733a383a2273746166665f6964223b733a313a2231223b733a393a2266697273746e616d65223b733a383a22456d6d616e75656c223b733a383a226c6173746e616d65223b733a363a22596172746579223b733a343a22726f6c65223b733a313a2231223b733a383a226c6f636174696f6e223b733a323a225332223b7d),
('ou4fiijuudtvheliqgcgmac540an5fgv', '::1', 1644351348, 0x5f5f63695f6c6173745f726567656e65726174657c693a313634343335313334383b6c6f676765645f696e7c613a353a7b733a383a2273746166665f6964223b733a313a2231223b733a393a2266697273746e616d65223b733a383a22456d6d616e75656c223b733a383a226c6173746e616d65223b733a363a22596172746579223b733a343a22726f6c65223b733a313a2231223b733a383a226c6f636174696f6e223b733a323a225332223b7d),
('pq231o1m2c8hi8jhanre9clsuut5g8ck', '::1', 1644603486, 0x5f5f63695f6c6173745f726567656e65726174657c693a313634343630333438363b6c6f676765645f696e7c613a353a7b733a383a2273746166665f6964223b733a313a2231223b733a393a2266697273746e616d65223b733a383a22456d6d616e75656c223b733a383a226c6173746e616d65223b733a363a22596172746579223b733a343a22726f6c65223b733a313a2231223b733a383a226c6f636174696f6e223b4e3b7d),
('psa1pullkh6ea4f9lvgo2ochb3qrrah9', '::1', 1644347171, 0x5f5f63695f6c6173745f726567656e65726174657c693a313634343334373137313b6c6f676765645f696e7c613a353a7b733a383a2273746166665f6964223b733a313a2231223b733a393a2266697273746e616d65223b733a383a22456d6d616e75656c223b733a383a226c6173746e616d65223b733a363a22596172746579223b733a343a22726f6c65223b733a313a2231223b733a383a226c6f636174696f6e223b733a323a225332223b7d),
('q8ng7ap2n9fbvlrm0e9dmfff7ae4duvh', '::1', 1644344494, 0x5f5f63695f6c6173745f726567656e65726174657c693a313634343334343439343b6c6f676765645f696e7c613a353a7b733a383a2273746166665f6964223b733a313a2231223b733a393a2266697273746e616d65223b733a383a22456d6d616e75656c223b733a383a226c6173746e616d65223b733a363a22596172746579223b733a343a22726f6c65223b733a313a2231223b733a383a226c6f636174696f6e223b733a323a225332223b7d),
('q928gslr4cn8cv1fvav8ebsnqv5eeor2', '::1', 1644612903, 0x5f5f63695f6c6173745f726567656e65726174657c693a313634343631323839353b6c6f676765645f696e7c613a353a7b733a383a2273746166665f6964223b733a313a2231223b733a393a2266697273746e616d65223b733a383a22456d6d616e75656c223b733a383a226c6173746e616d65223b733a363a22596172746579223b733a343a22726f6c65223b733a313a2231223b733a383a226c6f636174696f6e223b4e3b7d),
('q9p07qesuv79ebdcprk58fhvckfeqe4u', '::1', 1644615500, 0x5f5f63695f6c6173745f726567656e65726174657c693a313634343631353530303b6c6f676765645f696e7c613a353a7b733a383a2273746166665f6964223b733a313a2231223b733a393a2266697273746e616d65223b733a383a22456d6d616e75656c223b733a383a226c6173746e616d65223b733a363a22596172746579223b733a343a22726f6c65223b733a313a2231223b733a383a226c6f636174696f6e223b4e3b7d),
('qfsnl3h405ub32riqtdmkgmkplsf042s', '::1', 1644524455, 0x5f5f63695f6c6173745f726567656e65726174657c693a313634343532343337363b6c6f676765645f696e7c613a353a7b733a383a2273746166665f6964223b733a313a2231223b733a393a2266697273746e616d65223b733a383a22456d6d616e75656c223b733a383a226c6173746e616d65223b733a363a22596172746579223b733a343a22726f6c65223b733a313a2231223b733a383a226c6f636174696f6e223b4e3b7d),
('qgefmir5n9i8dnckfte8aars0o8agder', '::1', 1644342249, 0x5f5f63695f6c6173745f726567656e65726174657c693a313634343334323234393b6c6f676765645f696e7c613a353a7b733a383a2273746166665f6964223b733a313a2231223b733a393a2266697273746e616d65223b733a383a22456d6d616e75656c223b733a383a226c6173746e616d65223b733a363a22596172746579223b733a343a22726f6c65223b733a313a2231223b733a383a226c6f636174696f6e223b733a323a225332223b7d),
('qjfdmnkfqt4qeck0tc3ntk02q80d463a', '::1', 1644437699, 0x5f5f63695f6c6173745f726567656e65726174657c693a313634343433373639393b6c6f676765645f696e7c613a353a7b733a383a2273746166665f6964223b733a313a2231223b733a393a2266697273746e616d65223b733a383a22456d6d616e75656c223b733a383a226c6173746e616d65223b733a363a22596172746579223b733a343a22726f6c65223b733a313a2231223b733a383a226c6f636174696f6e223b733a323a225332223b7d),
('r8uerg25qb2hpk82knn01ulh7bfp2bq3', '::1', 1644524376, 0x5f5f63695f6c6173745f726567656e65726174657c693a313634343532343337363b6c6f676765645f696e7c613a353a7b733a383a2273746166665f6964223b733a313a2231223b733a393a2266697273746e616d65223b733a383a22456d6d616e75656c223b733a383a226c6173746e616d65223b733a363a22596172746579223b733a343a22726f6c65223b733a313a2231223b733a383a226c6f636174696f6e223b4e3b7d),
('rdbrlbrsatuv03egsrobt6h83a7vjiel', '::1', 1642680633, 0x5f5f63695f6c6173745f726567656e65726174657c693a313634323638303633333b6c6f676765645f696e7c613a353a7b733a383a2273746166665f6964223b733a313a2231223b733a393a2266697273746e616d65223b733a383a22456d6d616e75656c223b733a383a226c6173746e616d65223b733a363a22596172746579223b733a343a22726f6c65223b733a313a2231223b733a383a226c6f636174696f6e223b733a323a225332223b7d),
('rj5rjf38q9b86usnes69vju870pec0p4', '::1', 1644421037, 0x5f5f63695f6c6173745f726567656e65726174657c693a313634343432313033373b6c6f676765645f696e7c613a353a7b733a383a2273746166665f6964223b733a313a2231223b733a393a2266697273746e616d65223b733a383a22456d6d616e75656c223b733a383a226c6173746e616d65223b733a363a22596172746579223b733a343a22726f6c65223b733a313a2231223b733a383a226c6f636174696f6e223b733a323a225332223b7d),
('rre7ikm8o9melihgd1vkp4rd6kh295k5', '::1', 1644597701, 0x5f5f63695f6c6173745f726567656e65726174657c693a313634343539373730313b6c6f676765645f696e7c613a353a7b733a383a2273746166665f6964223b733a313a2231223b733a393a2266697273746e616d65223b733a383a22456d6d616e75656c223b733a383a226c6173746e616d65223b733a363a22596172746579223b733a343a22726f6c65223b733a313a2231223b733a383a226c6f636174696f6e223b4e3b7d),
('s37mjr6c8pjnlgcmhg3rfgirfeomla7s', '::1', 1644424554, 0x5f5f63695f6c6173745f726567656e65726174657c693a313634343432343535343b6c6f676765645f696e7c613a353a7b733a383a2273746166665f6964223b733a313a2231223b733a393a2266697273746e616d65223b733a383a22456d6d616e75656c223b733a383a226c6173746e616d65223b733a363a22596172746579223b733a343a22726f6c65223b733a313a2231223b733a383a226c6f636174696f6e223b733a323a225332223b7d),
('s9j9tq31v2d7ovlcpug8lub27oecc1fc', '::1', 1644337895, 0x5f5f63695f6c6173745f726567656e65726174657c693a313634343333373839353b6c6f676765645f696e7c613a353a7b733a383a2273746166665f6964223b733a313a2231223b733a393a2266697273746e616d65223b733a383a22456d6d616e75656c223b733a383a226c6173746e616d65223b733a363a22596172746579223b733a343a22726f6c65223b733a313a2231223b733a383a226c6f636174696f6e223b733a323a225332223b7d),
('sbecnv99kimpl3ca3q27uks7cevge38p', '::1', 1644603486, 0x5f5f63695f6c6173745f726567656e65726174657c693a313634343630333438363b6c6f676765645f696e7c613a353a7b733a383a2273746166665f6964223b733a313a2231223b733a393a2266697273746e616d65223b733a383a22456d6d616e75656c223b733a383a226c6173746e616d65223b733a363a22596172746579223b733a343a22726f6c65223b733a313a2231223b733a383a226c6f636174696f6e223b4e3b7d),
('suofjhqfalvieirinu987mtkhk0ldh9d', '::1', 1642682740, 0x5f5f63695f6c6173745f726567656e65726174657c693a313634323638323734303b6c6f676765645f696e7c613a353a7b733a383a2273746166665f6964223b733a313a2231223b733a393a2266697273746e616d65223b733a383a22456d6d616e75656c223b733a383a226c6173746e616d65223b733a363a22596172746579223b733a343a22726f6c65223b733a313a2231223b733a383a226c6f636174696f6e223b733a323a225332223b7d),
('t8iba844nfag8pr8snb4pmrpg7dfn0g5', '::1', 1644354310, 0x5f5f63695f6c6173745f726567656e65726174657c693a313634343335343331303b6c6f676765645f696e7c613a353a7b733a383a2273746166665f6964223b733a313a2231223b733a393a2266697273746e616d65223b733a383a22456d6d616e75656c223b733a383a226c6173746e616d65223b733a363a22596172746579223b733a343a22726f6c65223b733a313a2231223b733a383a226c6f636174696f6e223b733a323a225332223b7d),
('tle6orgsnglk3trie6vcrf09c04gahlo', '::1', 1642679223, 0x5f5f63695f6c6173745f726567656e65726174657c693a313634323637393232333b6c6f676765645f696e7c613a353a7b733a383a2273746166665f6964223b733a313a2231223b733a393a2266697273746e616d65223b733a383a22456d6d616e75656c223b733a383a226c6173746e616d65223b733a363a22596172746579223b733a343a22726f6c65223b733a313a2231223b733a383a226c6f636174696f6e223b733a323a225332223b7d),
('uduspvn0k49nb3u0bp1b9f8kk6qcikl0', '::1', 1644344094, 0x5f5f63695f6c6173745f726567656e65726174657c693a313634343334343039343b6c6f676765645f696e7c613a353a7b733a383a2273746166665f6964223b733a313a2231223b733a393a2266697273746e616d65223b733a383a22456d6d616e75656c223b733a383a226c6173746e616d65223b733a363a22596172746579223b733a343a22726f6c65223b733a313a2231223b733a383a226c6f636174696f6e223b733a323a225332223b7d);

-- --------------------------------------------------------

--
-- Table structure for table `departments`
--

DROP TABLE IF EXISTS `departments`;
CREATE TABLE IF NOT EXISTS `departments` (
  `department_id` int NOT NULL AUTO_INCREMENT,
  `department_name` varchar(100) DEFAULT NULL,
  `department_description` text,
  `location` int DEFAULT NULL,
  PRIMARY KEY (`department_id`)
) ENGINE=MyISAM DEFAULT CHARSET=utf8mb4 COLLATE=utf8mb4_0900_ai_ci;

-- --------------------------------------------------------

--
-- Table structure for table `devices`
--

DROP TABLE IF EXISTS `devices`;
CREATE TABLE IF NOT EXISTS `devices` (
  `device_id` int NOT NULL AUTO_INCREMENT,
  `name` varchar(30) DEFAULT NULL,
  `location` int DEFAULT NULL,
  `configuration` text,
  PRIMARY KEY (`device_id`)
) ENGINE=MyISAM DEFAULT CHARSET=latin1;

-- --------------------------------------------------------

--
-- Table structure for table `issues`
--

DROP TABLE IF EXISTS `issues`;
CREATE TABLE IF NOT EXISTS `issues` (
  `purchase_order_id` int NOT NULL AUTO_INCREMENT,
  `order_date` date NOT NULL,
  `supplier` varchar(50) NOT NULL,
  `created_by` varchar(50) NOT NULL,
  `creation_date` date NOT NULL,
  `shipping_fee` decimal(10,0) NOT NULL,
  `taxes` decimal(10,0) NOT NULL,
  `payment_date` date NOT NULL,
  `payment_amount` decimal(10,0) NOT NULL,
  `payment_method` varchar(20) NOT NULL,
  `notes` text NOT NULL,
  `order_subtotal` decimal(10,0) NOT NULL,
  `order_total` decimal(10,0) NOT NULL,
  `submitted_by` varchar(50) NOT NULL,
  `submitted_date` date NOT NULL,
  `closed_by` varchar(50) NOT NULL,
  `closed_date` date NOT NULL,
  `completed` tinyint(1) NOT NULL,
  `expected_date` date NOT NULL,
  `submitted` tinyint(1) NOT NULL,
  `new` tinyint(1) NOT NULL,
  `status` varchar(50) NOT NULL,
  PRIMARY KEY (`purchase_order_id`)
) ENGINE=InnoDB DEFAULT CHARSET=latin1;

-- --------------------------------------------------------

--
-- Table structure for table `locations`
--

DROP TABLE IF EXISTS `locations`;
CREATE TABLE IF NOT EXISTS `locations` (
  `location_id` int NOT NULL AUTO_INCREMENT,
  `location_name` varchar(100) DEFAULT NULL,
  `physical_address` varchar(50) DEFAULT NULL,
  `location_type` varchar(32) DEFAULT NULL,
  `map_longitude` float DEFAULT NULL,
  `map_latitude` float DEFAULT NULL,
  `phone` varchar(32) DEFAULT NULL,
  `email` varchar(100) DEFAULT NULL,
  PRIMARY KEY (`location_id`)
) ENGINE=MyISAM DEFAULT CHARSET=latin1;

-- --------------------------------------------------------

--
-- Table structure for table `location_inventory`
--

DROP TABLE IF EXISTS `location_inventory`;
CREATE TABLE IF NOT EXISTS `location_inventory` (
  `id` int NOT NULL AUTO_INCREMENT,
  `location_id` varchar(6) NOT NULL,
  `asset_code` varchar(10) DEFAULT NULL,
  `cost_price` decimal(10,2) DEFAULT NULL,
  `selling_price` decimal(10,2) DEFAULT NULL,
  `markup` decimal(4,2) NOT NULL,
  `quantity_in_stock` int NOT NULL,
  `status` tinyint(1) DEFAULT NULL,
  `purchase_uom` varchar(10) DEFAULT NULL,
  `pos_uom` varchar(10) DEFAULT NULL,
  `pos_uom_qty` int NOT NULL,
  `expiry_date` varchar(15) DEFAULT NULL,
  `last_edited` varchar(15) DEFAULT NULL,
  `date_created` varchar(15) DEFAULT NULL,
  `shelf` varchar(10) DEFAULT NULL,
  `product_category` varchar(5) DEFAULT NULL,
  PRIMARY KEY (`id`),
  KEY `product_code` (`asset_code`)
) ENGINE=InnoDB DEFAULT CHARSET=latin1;

-- --------------------------------------------------------

--
-- Table structure for table `location_orders`
--

DROP TABLE IF EXISTS `location_orders`;
CREATE TABLE IF NOT EXISTS `location_orders` (
  `id` bigint NOT NULL AUTO_INCREMENT,
  `location_id` varchar(4) DEFAULT NULL,
  `order_id` bigint DEFAULT NULL,
  `staff_id` int DEFAULT NULL,
  `order_date` date DEFAULT NULL,
  `status` varchar(15) DEFAULT 'pending',
  PRIMARY KEY (`id`)
) ENGINE=InnoDB DEFAULT CHARSET=latin1;

-- --------------------------------------------------------

--
-- Table structure for table `location_order_details`
--

DROP TABLE IF EXISTS `location_order_details`;
CREATE TABLE IF NOT EXISTS `location_order_details` (
  `id` bigint NOT NULL AUTO_INCREMENT,
  `order_id` bigint DEFAULT NULL,
  `product_code` varchar(50) DEFAULT NULL,
  `quantity` int DEFAULT NULL,
  `status` varchar(50) DEFAULT 'pending',
  `no_stock` tinyint(1) DEFAULT NULL,
  `allocated` tinyint(1) DEFAULT NULL,
  `invoiced` tinyint(1) DEFAULT NULL,
  `shipped` tinyint(1) DEFAULT NULL,
  `back_ordered` tinyint(1) DEFAULT NULL,
  PRIMARY KEY (`id`)
) ENGINE=InnoDB DEFAULT CHARSET=latin1;

-- --------------------------------------------------------

--
-- Table structure for table `purchase_order_details`
--

DROP TABLE IF EXISTS `purchase_order_details`;
CREATE TABLE IF NOT EXISTS `purchase_order_details` (
  `id` int NOT NULL AUTO_INCREMENT,
  `quantity` int NOT NULL,
  `unit_cost` decimal(10,0) NOT NULL,
  `extended_price` decimal(10,0) NOT NULL,
  `date_received` date NOT NULL,
  `purchase_order_number` int NOT NULL,
  `posted_to_inventory` tinyint(1) NOT NULL,
  `submitted` tinyint(1) NOT NULL,
  PRIMARY KEY (`id`)
) ENGINE=InnoDB DEFAULT CHARSET=latin1;

-- --------------------------------------------------------

--
-- Table structure for table `roles`
--

DROP TABLE IF EXISTS `roles`;
CREATE TABLE IF NOT EXISTS `roles` (
  `role_id` int NOT NULL AUTO_INCREMENT,
  `role_name` varchar(20) NOT NULL,
  `role_description` varchar(100) NOT NULL,
  `privileges` text,
  PRIMARY KEY (`role_id`)
) ENGINE=InnoDB AUTO_INCREMENT=2 DEFAULT CHARSET=latin1;

--
-- Dumping data for table `roles`
--

INSERT INTO `roles` (`role_id`, `role_name`, `role_description`, `privileges`) VALUES
(1, 'Super User', 'The IT super user admin of the application', NULL);

-- --------------------------------------------------------

--
-- Table structure for table `settings`
--

DROP TABLE IF EXISTS `settings`;
CREATE TABLE IF NOT EXISTS `settings` (
  `id` int NOT NULL AUTO_INCREMENT,
  `settings_name` varchar(20) DEFAULT NULL,
  `options` text,
  PRIMARY KEY (`id`)
) ENGINE=MyISAM DEFAULT CHARSET=latin1;

-- --------------------------------------------------------

--
-- Table structure for table `staff_location`
--

DROP TABLE IF EXISTS `staff_location`;
CREATE TABLE IF NOT EXISTS `staff_location` (
  `id` int NOT NULL AUTO_INCREMENT,
  `staff_id` int NOT NULL,
  `location_id` varchar(5) DEFAULT NULL,
  `status` varchar(10) DEFAULT NULL COMMENT 'tracks whether in location or not',
  `date_change` date DEFAULT NULL COMMENT 'date status changed in location',
  PRIMARY KEY (`id`),
  UNIQUE KEY `location_id` (`location_id`)
) ENGINE=InnoDB DEFAULT CHARSET=latin1;

-- --------------------------------------------------------

--
-- Table structure for table `suppliers`
--

DROP TABLE IF EXISTS `suppliers`;
CREATE TABLE IF NOT EXISTS `suppliers` (
  `supplier_id` int NOT NULL AUTO_INCREMENT,
  `company` varchar(100) DEFAULT NULL,
  `contact_person` varchar(100) DEFAULT NULL,
  `firstname` varchar(50) DEFAULT NULL,
  `contact_email` varchar(100) DEFAULT NULL,
  `contact_person_job_title` varchar(50) DEFAULT NULL,
  `business_phone` varchar(50) DEFAULT NULL,
  `home_phone` varchar(50) DEFAULT NULL,
  `mobile_phone` varchar(50) DEFAULT NULL,
  `address` varchar(100) DEFAULT NULL,
  `city` varchar(50) DEFAULT NULL,
  `state_province` varchar(50) DEFAULT NULL,
  `zip_postal_code` varchar(20) DEFAULT NULL,
  `country` varchar(150) DEFAULT NULL,
  `website` varchar(150) DEFAULT NULL,
  `notes` text,
  `attachments` varchar(50) DEFAULT NULL,
  `supplier_name` varchar(50) DEFAULT NULL,
  `status` varchar(10) DEFAULT NULL,
  PRIMARY KEY (`supplier_id`)
) ENGINE=InnoDB DEFAULT CHARSET=latin1;

-- --------------------------------------------------------

--
-- Table structure for table `supplier_products`
--

DROP TABLE IF EXISTS `supplier_products`;
CREATE TABLE IF NOT EXISTS `supplier_products` (
  `id` int NOT NULL,
  `supplier_id` int NOT NULL,
  `product_id` int NOT NULL,
  `order_qty` int NOT NULL,
  `current_qty` int NOT NULL,
  `estimated_order` int NOT NULL
) ENGINE=MyISAM DEFAULT CHARSET=latin1;

-- --------------------------------------------------------

--
-- Table structure for table `transactions_history`
--

DROP TABLE IF EXISTS `transactions_history`;
CREATE TABLE IF NOT EXISTS `transactions_history` (
  `id` int NOT NULL AUTO_INCREMENT,
  `user_id` int DEFAULT NULL,
  `type` varchar(30) DEFAULT NULL,
  `details` text,
  `timestamp` timestamp NULL DEFAULT CURRENT_TIMESTAMP,
  PRIMARY KEY (`id`)
) ENGINE=MyISAM DEFAULT CHARSET=latin1;

-- --------------------------------------------------------

--
-- Table structure for table `transfers`
--

DROP TABLE IF EXISTS `transfers`;
CREATE TABLE IF NOT EXISTS `transfers` (
  `transfer_id` int NOT NULL,
  `source` varchar(4) DEFAULT NULL,
  `destination` varchar(4) DEFAULT NULL,
  `transfer_date` varchar(10) DEFAULT NULL,
  `transfer_time` datetime DEFAULT CURRENT_TIMESTAMP,
  `staff_id` int DEFAULT NULL,
  `seen_status` varchar(15) DEFAULT 'unseen',
  `dispatcher` varchar(30) DEFAULT NULL,
  `vehicle_number` varchar(15) DEFAULT NULL,
  PRIMARY KEY (`transfer_id`)
) ENGINE=InnoDB DEFAULT CHARSET=latin1;

-- --------------------------------------------------------

--
-- Table structure for table `transfer_details`
--

DROP TABLE IF EXISTS `transfer_details`;
CREATE TABLE IF NOT EXISTS `transfer_details` (
  `id` int NOT NULL AUTO_INCREMENT,
  `transfer_id` int DEFAULT NULL,
  `product_code` varchar(10) DEFAULT NULL,
  `unit_price` decimal(10,2) DEFAULT NULL,
  `quantity` int DEFAULT NULL,
  `status` varchar(15) DEFAULT 'pending',
  PRIMARY KEY (`id`)
) ENGINE=InnoDB DEFAULT CHARSET=latin1;

-- --------------------------------------------------------

--
-- Table structure for table `units_of_measure`
--

DROP TABLE IF EXISTS `units_of_measure`;
CREATE TABLE IF NOT EXISTS `units_of_measure` (
  `id` int NOT NULL AUTO_INCREMENT,
  `short_description` varchar(5) DEFAULT NULL,
  `description` varchar(15) DEFAULT NULL,
  PRIMARY KEY (`id`)
) ENGINE=MyISAM DEFAULT CHARSET=latin1;

-- --------------------------------------------------------

--
-- Table structure for table `users`
--

DROP TABLE IF EXISTS `users`;
CREATE TABLE IF NOT EXISTS `users` (
  `staff_id` varchar(20) NOT NULL,
  `firstname` varchar(50) DEFAULT NULL,
  `lastname` varchar(50) DEFAULT NULL,
  `dob` date DEFAULT NULL,
  `designation` varchar(100) CHARACTER SET latin1 COLLATE latin1_swedish_ci DEFAULT NULL,
  `department` varchar(100) CHARACTER SET latin1 COLLATE latin1_swedish_ci DEFAULT NULL,
  `location` varchar(4) CHARACTER SET latin1 COLLATE latin1_swedish_ci DEFAULT NULL,
  `role_id` int DEFAULT NULL,
  `address` varchar(100) DEFAULT NULL,
  `gender` varchar(8) DEFAULT NULL,
  `nationality` varchar(150) DEFAULT NULL,
  `city` varchar(150) DEFAULT NULL,
  `mobile_phone` varchar(50) DEFAULT NULL,
  `username` varchar(20) DEFAULT NULL,
  `password` varchar(32) DEFAULT NULL,
  `first_login` date DEFAULT NULL,
  `last_login` date DEFAULT NULL,
  PRIMARY KEY (`staff_id`)
) ENGINE=InnoDB DEFAULT CHARSET=latin1;

--
-- Dumping data for table `users`
--

INSERT INTO `users` (`staff_id`, `firstname`, `lastname`, `dob`, `designation`, `department`, `location`, `role_id`, `address`, `gender`, `nationality`, `city`, `mobile_phone`, `username`, `password`, `first_login`, `last_login`) VALUES
('1', 'Emmanuel', 'Yartey', '2017-07-04', '', '', 'S2', 1, NULL, NULL, NULL, NULL, NULL, 'admin', '0192023a7bbd73250516f069df18b500', NULL, NULL);

--
-- Constraints for dumped tables
--

--
-- Constraints for table `asset_types`
--
ALTER TABLE `asset_types`
  ADD CONSTRAINT `asset_types_ibfk_1` FOREIGN KEY (`asset_category`) REFERENCES `asset_categories` (`category_id`);
COMMIT;

/*!40101 SET CHARACTER_SET_CLIENT=@OLD_CHARACTER_SET_CLIENT */;
/*!40101 SET CHARACTER_SET_RESULTS=@OLD_CHARACTER_SET_RESULTS */;
/*!40101 SET COLLATION_CONNECTION=@OLD_COLLATION_CONNECTION */;
